"chr_input","start_input","end_input","Signal","chr","pos","ref","alt","ANNOVAR_ensembl_Effect","ANNOVAR_ensembl_summary","SnpEff_ensembl_Effect","SnpEff_ensembl_Gene_ID","SnpEff_ensembl_summary","VEP_ensembl_Consequence","VEP_ensembl_summary","rs_dbSNP151"
20,26188600,26190799,8.160247409,"20",26188906,"G","C","ncRNA_exonic|ncRNA_intronic|upstream","ENSG00000227195(37):ncRNA_exonic(1)upstream(7)ncRNA_intronic(25)","non_coding_transcript_exon_variant|intron_variant|upstream_gene_variant","ENSG00000227195","MIR663A(37):upstream_gene_variant(7)non_coding_transcript_exon_variant(1)intron_variant(25)","non_coding_transcript_exon_variant|intron_variant,non_coding_transcript_variant|upstream_gene_variant","MIR663A(37):intron_variant,non_coding_transcript_variant(25)upstream_gene_variant(7)non_coding_transcript_exon_variant(1)","rs183843457"
20,26188600,26190799,8.160247409,"20",26189138,"G","T","ncRNA_intronic|upstream","ENSG00000227195(37):upstream(9)ncRNA_intronic(24)","upstream_gene_variant|intron_variant","ENSG00000227195","MIR663A(37):upstream_gene_variant(9)intron_variant(24)","upstream_gene_variant|intron_variant,non_coding_transcript_variant","MIR663A(37):intron_variant,non_coding_transcript_variant(24)upstream_gene_variant(9)","rs550623993"
20,26188600,26190799,8.160247409,"20",26189511,"G","C","ncRNA_exonic|ncRNA_intronic|upstream","ENSG00000227195(37):ncRNA_exonic(1)upstream(9)ncRNA_intronic(23)","upstream_gene_variant|intron_variant|non_coding_transcript_exon_variant","ENSG00000227195","MIR663A(37):upstream_gene_variant(9)non_coding_transcript_exon_variant(1)intron_variant(23)","upstream_gene_variant|intron_variant,non_coding_transcript_variant|non_coding_transcript_exon_variant","MIR663A(37):intron_variant,non_coding_transcript_variant(23)upstream_gene_variant(9)non_coding_transcript_exon_variant(1)","rs142275601"
20,26188600,26190799,8.160247409,"20",26189803,"G","C","ncRNA_exonic|ncRNA_intronic|upstream","ENSG00000227195(37):ncRNA_exonic(8)upstream(12)ncRNA_intronic(13)","upstream_gene_variant|non_coding_transcript_exon_variant|intron_variant|splice_region_variant&intron_variant","ENSG00000227195","MIR663A(37):upstream_gene_variant(12)non_coding_transcript_exon_variant(8)splice_region_variant&intron_variant(2)intron_variant(11)","upstream_gene_variant|non_coding_transcript_exon_variant|intron_variant,non_coding_transcript_variant|splice_region_variant,intron_variant,non_coding_transcript_variant","MIR663A(37):intron_variant,non_coding_transcript_variant(11)upstream_gene_variant(12)non_coding_transcript_exon_variant(8)splice_region_variant,intron_variant,non_coding_transcript_variant(2)","rs529694571"
20,26188600,26190799,8.160247409,"20",26190631,"G","A","ncRNA_intronic|upstream","ENSG00000227195(37):upstream(29)ncRNA_intronic(4)","upstream_gene_variant|intron_variant","ENSG00000227195","MIR663A(37):upstream_gene_variant(29)intron_variant(4)","upstream_gene_variant|intron_variant,non_coding_transcript_variant","MIR663A(37):intron_variant,non_coding_transcript_variant(4)upstream_gene_variant(29)","rs77172926"
20,26188600,26190799,8.160247409,"20",26189137,"C","G","ncRNA_intronic|upstream","ENSG00000227195(37):upstream(9)ncRNA_intronic(24)","upstream_gene_variant|intron_variant","ENSG00000227195","MIR663A(37):upstream_gene_variant(9)intron_variant(24)","upstream_gene_variant|intron_variant,non_coding_transcript_variant","MIR663A(37):intron_variant,non_coding_transcript_variant(24)upstream_gene_variant(9)","rs530823617"
20,26188600,26190799,8.160247409,"20",26189444,"A","C","ncRNA_intronic|upstream","ENSG00000227195(37):upstream(9)ncRNA_intronic(24)","upstream_gene_variant|intron_variant","ENSG00000227195","MIR663A(37):upstream_gene_variant(9)intron_variant(24)","upstream_gene_variant|intron_variant,non_coding_transcript_variant","MIR663A(37):intron_variant,non_coding_transcript_variant(24)upstream_gene_variant(9)","rs187323517"
20,26188600,26190799,8.160247409,"20",26189446,"A","T","ncRNA_intronic|upstream","ENSG00000227195(37):upstream(9)ncRNA_intronic(24)","upstream_gene_variant|intron_variant","ENSG00000227195","MIR663A(37):upstream_gene_variant(9)intron_variant(24)","upstream_gene_variant|intron_variant,non_coding_transcript_variant","MIR663A(37):intron_variant,non_coding_transcript_variant(24)upstream_gene_variant(9)","rs573720732"
20,26188600,26190799,8.160247409,"20",26190207,"A","G","ncRNA_intronic|upstream","ENSG00000227195(37):upstream(27)ncRNA_intronic(6)","upstream_gene_variant|intron_variant","ENSG00000227195","MIR663A(37):upstream_gene_variant(27)intron_variant(6)","upstream_gene_variant|intron_variant,non_coding_transcript_variant","MIR663A(37):intron_variant,non_coding_transcript_variant(6)upstream_gene_variant(27)","rs62196818"
20,26188600,26190799,8.160247409,"20",26188698,"G","C","ncRNA_exonic|ncRNA_intronic|upstream|downstream","ENSG00000227195(37):ncRNA_exonic(2)upstream(2)ncRNA_intronic(28)downstream(1)","downstream_gene_variant|intron_variant|upstream_gene_variant|non_coding_transcript_exon_variant","ENSG00000227195","MIR663A(37):upstream_gene_variant(2)non_coding_transcript_exon_variant(2)downstream_gene_variant(1)intron_variant(28)","downstream_gene_variant|intron_variant,non_coding_transcript_variant|upstream_gene_variant|non_coding_transcript_exon_variant","MIR663A(37):intron_variant,non_coding_transcript_variant(28)upstream_gene_variant(2)non_coding_transcript_exon_variant(2)downstream_gene_variant(1)","rs567416278"
20,26188600,26190799,8.160247409,"20",26188774,"A","G","ncRNA_intronic|upstream|downstream","ENSG00000227195(37):upstream(4)ncRNA_intronic(28)downstream(1)","downstream_gene_variant|intron_variant|splice_region_variant&intron_variant|upstream_gene_variant","ENSG00000227195","MIR663A(37):upstream_gene_variant(4)splice_region_variant&intron_variant(3)downstream_gene_variant(1)intron_variant(25)","downstream_gene_variant|intron_variant,non_coding_transcript_variant|splice_region_variant,intron_variant,non_coding_transcript_variant|upstream_gene_variant","MIR663A(37):intron_variant,non_coding_transcript_variant(25)upstream_gene_variant(4)downstream_gene_variant(1)splice_region_variant,intron_variant,non_coding_transcript_variant(3)","rs536331555"
20,26188600,26190799,8.160247409,"20",26189201,"G","C","ncRNA_intronic|upstream","ENSG00000227195(37):upstream(9)ncRNA_intronic(24)","upstream_gene_variant|intron_variant","ENSG00000227195","MIR663A(37):upstream_gene_variant(9)intron_variant(24)","upstream_gene_variant|intron_variant,non_coding_transcript_variant","MIR663A(37):intron_variant,non_coding_transcript_variant(24)upstream_gene_variant(9)","rs56160519"
20,26188600,26190799,8.160247409,"20",26188919,"C","G","ncRNA_intronic|upstream","ENSG00000227195(37):upstream(8)ncRNA_intronic(25)","upstream_gene_variant|intron_variant","ENSG00000227195","MIR663A(37):upstream_gene_variant(8)intron_variant(25)","upstream_gene_variant|intron_variant,non_coding_transcript_variant","MIR663A(37):intron_variant,non_coding_transcript_variant(25)upstream_gene_variant(8)","rs543448668"
20,26188600,26190799,8.160247409,"20",26189137,"C","T","ncRNA_intronic|upstream","ENSG00000227195(37):upstream(9)ncRNA_intronic(24)","upstream_gene_variant|intron_variant","ENSG00000227195","MIR663A(37):upstream_gene_variant(9)intron_variant(24)","upstream_gene_variant|intron_variant,non_coding_transcript_variant","MIR663A(37):intron_variant,non_coding_transcript_variant(24)upstream_gene_variant(9)","rs530823617"
20,26188600,26190799,8.160247409,"20",26189203,"C","T","ncRNA_intronic|upstream","ENSG00000227195(37):upstream(9)ncRNA_intronic(24)","upstream_gene_variant|intron_variant","ENSG00000227195","MIR663A(37):upstream_gene_variant(9)intron_variant(24)","upstream_gene_variant|intron_variant,non_coding_transcript_variant","MIR663A(37):intron_variant,non_coding_transcript_variant(24)upstream_gene_variant(9)","rs535838481"
20,26188600,26190799,8.160247409,"20",26189332,"G","A","ncRNA_intronic|upstream","ENSG00000227195(37):upstream(9)ncRNA_intronic(24)","upstream_gene_variant|intron_variant","ENSG00000227195","MIR663A(37):upstream_gene_variant(9)intron_variant(24)","upstream_gene_variant|intron_variant,non_coding_transcript_variant","MIR663A(37):intron_variant,non_coding_transcript_variant(24)upstream_gene_variant(9)","rs62196808"
20,26188600,26190799,8.160247409,"20",26189493,"A","G","ncRNA_intronic|upstream","ENSG00000227195(37):upstream(9)ncRNA_intronic(24)","upstream_gene_variant|intron_variant|splice_region_variant&intron_variant","ENSG00000227195","MIR663A(37):upstream_gene_variant(9)splice_region_variant&intron_variant(1)intron_variant(23)","upstream_gene_variant|intron_variant,non_coding_transcript_variant|splice_region_variant,intron_variant,non_coding_transcript_variant","MIR663A(37):intron_variant,non_coding_transcript_variant(23)upstream_gene_variant(9)splice_region_variant,intron_variant,non_coding_transcript_variant(1)","rs559807203"
20,26188600,26190799,8.160247409,"20",26189850,"C","G","ncRNA_exonic|ncRNA_intronic|upstream","ENSG00000227195(37):ncRNA_exonic(9)upstream(13)ncRNA_intronic(11)","upstream_gene_variant|non_coding_transcript_exon_variant|intron_variant","ENSG00000227195","MIR663A(37):upstream_gene_variant(13)non_coding_transcript_exon_variant(9)intron_variant(11)","upstream_gene_variant|non_coding_transcript_exon_variant|intron_variant,non_coding_transcript_variant","MIR663A(37):intron_variant,non_coding_transcript_variant(11)upstream_gene_variant(13)non_coding_transcript_exon_variant(9)","rs978912843"
20,26188600,26190799,8.160247409,"20",26189975,"C","G","ncRNA_exonic|ncRNA_intronic|upstream","ENSG00000227195(37):ncRNA_exonic(3)upstream(24)ncRNA_intronic(6)","upstream_gene_variant|intron_variant|non_coding_transcript_exon_variant","ENSG00000227195","MIR663A(37):upstream_gene_variant(24)non_coding_transcript_exon_variant(3)intron_variant(6)","upstream_gene_variant|intron_variant,non_coding_transcript_variant|non_coding_transcript_exon_variant","MIR663A(37):intron_variant,non_coding_transcript_variant(6)upstream_gene_variant(24)non_coding_transcript_exon_variant(3)","rs557236366"
20,26188600,26190799,8.160247409,"20",26189993,"C","T","ncRNA_exonic|ncRNA_intronic|upstream","ENSG00000227195(37):ncRNA_exonic(2)upstream(25)ncRNA_intronic(6)","upstream_gene_variant|intron_variant|non_coding_transcript_exon_variant","ENSG00000227195","MIR663A(37):upstream_gene_variant(25)non_coding_transcript_exon_variant(2)intron_variant(6)","upstream_gene_variant|intron_variant,non_coding_transcript_variant|non_coding_transcript_exon_variant","MIR663A(37):intron_variant,non_coding_transcript_variant(6)upstream_gene_variant(25)non_coding_transcript_exon_variant(2)","rs553090904"
20,26188600,26190799,8.160247409,"20",26190092,"C","T","ncRNA_exonic|ncRNA_intronic|upstream","ENSG00000227195(37):ncRNA_exonic(1)upstream(26)ncRNA_intronic(6)","upstream_gene_variant|intron_variant|non_coding_transcript_exon_variant","ENSG00000227195","MIR663A(37):upstream_gene_variant(26)non_coding_transcript_exon_variant(1)intron_variant(6)","upstream_gene_variant|intron_variant,non_coding_transcript_variant|non_coding_transcript_exon_variant","MIR663A(37):intron_variant,non_coding_transcript_variant(6)upstream_gene_variant(26)non_coding_transcript_exon_variant(1)","rs551425834"
20,26188600,26190799,8.160247409,"20",26190372,"A","C","ncRNA_intronic|upstream","ENSG00000227195(37):upstream(27)ncRNA_intronic(6)","upstream_gene_variant|intron_variant|splice_region_variant&intron_variant","ENSG00000227195","MIR663A(37):upstream_gene_variant(27)splice_region_variant&intron_variant(2)intron_variant(4)","upstream_gene_variant|intron_variant,non_coding_transcript_variant|splice_region_variant,intron_variant,non_coding_transcript_variant","MIR663A(37):intron_variant,non_coding_transcript_variant(4)upstream_gene_variant(27)splice_region_variant,intron_variant,non_coding_transcript_variant(2)","rs138397974"
20,26188600,26190799,8.160247409,"20",26190459,"C","T","ncRNA_exonic|ncRNA_intronic|upstream","ENSG00000227195(37):ncRNA_exonic(2)upstream(27)ncRNA_intronic(4)","upstream_gene_variant|intron_variant|non_coding_transcript_exon_variant","ENSG00000227195","MIR663A(37):upstream_gene_variant(27)non_coding_transcript_exon_variant(2)intron_variant(4)","upstream_gene_variant|intron_variant,non_coding_transcript_variant|non_coding_transcript_exon_variant","MIR663A(37):intron_variant,non_coding_transcript_variant(4)upstream_gene_variant(27)non_coding_transcript_exon_variant(2)","rs755932208"
20,26188600,26190799,8.160247409,"20",26190486,"C","T","ncRNA_intronic|upstream","ENSG00000227195(37):upstream(29)ncRNA_intronic(4)","upstream_gene_variant|intron_variant","ENSG00000227195","MIR663A(37):upstream_gene_variant(29)intron_variant(4)","upstream_gene_variant|intron_variant,non_coding_transcript_variant","MIR663A(37):intron_variant,non_coding_transcript_variant(4)upstream_gene_variant(29)","rs568567616"
20,26188600,26190799,8.160247409,"20",26188957,"C","G","ncRNA_exonic|ncRNA_intronic|upstream","ENSG00000227195(37):ncRNA_exonic(1)upstream(8)ncRNA_intronic(24)","upstream_gene_variant|intron_variant|non_coding_transcript_exon_variant","ENSG00000227195","MIR663A(37):upstream_gene_variant(8)non_coding_transcript_exon_variant(1)intron_variant(24)","upstream_gene_variant|intron_variant,non_coding_transcript_variant|non_coding_transcript_exon_variant","MIR663A(37):intron_variant,non_coding_transcript_variant(24)upstream_gene_variant(8)non_coding_transcript_exon_variant(1)","rs760501521"
20,26188600,26190799,8.160247409,"20",26189056,"G","A","ncRNA_exonic|ncRNA_intronic|upstream","ENSG00000227195(37):ncRNA_exonic(1)upstream(8)ncRNA_intronic(24)","upstream_gene_variant|intron_variant|non_coding_transcript_exon_variant","ENSG00000227195","MIR663A(37):upstream_gene_variant(8)non_coding_transcript_exon_variant(1)intron_variant(24)","upstream_gene_variant|intron_variant,non_coding_transcript_variant|non_coding_transcript_exon_variant","MIR663A(37):intron_variant,non_coding_transcript_variant(24)upstream_gene_variant(8)non_coding_transcript_exon_variant(1)","rs559567282"
20,26188600,26190799,8.160247409,"20",26189370,"C","G","ncRNA_intronic|upstream","ENSG00000227195(37):upstream(9)ncRNA_intronic(24)","upstream_gene_variant|intron_variant","ENSG00000227195","MIR663A(37):upstream_gene_variant(9)intron_variant(24)","upstream_gene_variant|intron_variant,non_coding_transcript_variant","MIR663A(37):intron_variant,non_coding_transcript_variant(24)upstream_gene_variant(9)","rs200978358"
20,26188600,26190799,8.160247409,"20",26190518,"A","G","ncRNA_intronic|upstream","ENSG00000227195(37):upstream(29)ncRNA_intronic(4)","upstream_gene_variant|intron_variant","ENSG00000227195","MIR663A(37):upstream_gene_variant(29)intron_variant(4)","upstream_gene_variant|intron_variant,non_coding_transcript_variant","MIR663A(37):intron_variant,non_coding_transcript_variant(4)upstream_gene_variant(29)","rs145518911"
20,26188600,26190799,8.160247409,"20",26190653,"A","C","ncRNA_intronic|upstream","ENSG00000227195(37):upstream(29)ncRNA_intronic(4)","upstream_gene_variant|intron_variant","ENSG00000227195","MIR663A(37):upstream_gene_variant(29)intron_variant(4)","upstream_gene_variant|intron_variant,non_coding_transcript_variant","MIR663A(37):intron_variant,non_coding_transcript_variant(4)upstream_gene_variant(29)","rs533817557"
12,53772800,53774799,7.034625445,"12",53773119,"C","T","upstream","ENSG00000185591(4):upstream(4)","intergenic_region|upstream_gene_variant","ENSG00000170374-ENSG00000185591|ENSG00000185591","SP7-SP1(1):intergenic_region(1)|SP1(4):upstream_gene_variant(4)","upstream_gene_variant","SP1(4):upstream_gene_variant(4)","rs192688895"
12,53772800,53774799,7.034625445,"12",53774638,"G","A","intronic|upstream","ENSG00000185591(4):upstream(1)intronic(3)","intron_variant|upstream_gene_variant","ENSG00000185591","SP1(4):upstream_gene_variant(1)intron_variant(3)","intron_variant|upstream_gene_variant","SP1(4):upstream_gene_variant(1)intron_variant(3)","rs77428973"
12,53772800,53774799,7.034625445,"12",53773689,"T","C","upstream","ENSG00000185591(4):upstream(4)","intergenic_region|upstream_gene_variant","ENSG00000170374-ENSG00000185591|ENSG00000185591","SP7-SP1(1):intergenic_region(1)|SP1(4):upstream_gene_variant(4)","upstream_gene_variant","SP1(4):upstream_gene_variant(4)","rs914926873"
12,53772800,53774799,7.034625445,"12",53773871,"T","G","upstream","ENSG00000185591(4):upstream(4)","intergenic_region|upstream_gene_variant","ENSG00000170374-ENSG00000185591|ENSG00000185591","SP7-SP1(1):intergenic_region(1)|SP1(4):upstream_gene_variant(4)","upstream_gene_variant","SP1(4):upstream_gene_variant(4)","rs186233003"
12,53772800,53774799,7.034625445,"12",53774339,"G","T","intronic|upstream","ENSG00000185591(4):upstream(2)intronic(2)","intron_variant|upstream_gene_variant","ENSG00000185591","SP1(4):upstream_gene_variant(2)intron_variant(2)","intron_variant|upstream_gene_variant","SP1(4):upstream_gene_variant(2)intron_variant(2)","rs549830204"
12,53772800,53774799,7.034625445,"12",53774662,"T","G","intronic|upstream","ENSG00000185591(4):upstream(1)intronic(3)","intron_variant|upstream_gene_variant","ENSG00000185591","SP1(4):upstream_gene_variant(1)intron_variant(3)","intron_variant|upstream_gene_variant","SP1(4):upstream_gene_variant(1)intron_variant(3)","rs189897113"
12,53772800,53774799,7.034625445,"12",53774779,"A","G","intronic|upstream","ENSG00000185591(4):upstream(1)intronic(3)","intron_variant|upstream_gene_variant","ENSG00000185591","SP1(4):upstream_gene_variant(1)intron_variant(3)","intron_variant|upstream_gene_variant","SP1(4):upstream_gene_variant(1)intron_variant(3)","rs36065378"
12,53772800,53774799,7.034625445,"12",53772866,"C","T","upstream","ENSG00000185591(4):upstream(4)","intergenic_region|upstream_gene_variant","ENSG00000170374-ENSG00000185591|ENSG00000185591","SP7-SP1(1):intergenic_region(1)|SP1(4):upstream_gene_variant(4)","upstream_gene_variant","SP1(4):upstream_gene_variant(4)","rs73311395"
12,53772800,53774799,7.034625445,"12",53772873,"G","A","upstream","ENSG00000185591(4):upstream(4)","intergenic_region|upstream_gene_variant","ENSG00000170374-ENSG00000185591|ENSG00000185591","SP7-SP1(1):intergenic_region(1)|SP1(4):upstream_gene_variant(4)","upstream_gene_variant","SP1(4):upstream_gene_variant(4)","rs755833992"
12,53772800,53774799,7.034625445,"12",53772927,"C","T","upstream","ENSG00000185591(4):upstream(4)","intergenic_region|upstream_gene_variant","ENSG00000170374-ENSG00000185591|ENSG00000185591","SP7-SP1(1):intergenic_region(1)|SP1(4):upstream_gene_variant(4)","upstream_gene_variant","SP1(4):upstream_gene_variant(4)","rs7131938"
12,53772800,53774799,7.034625445,"12",53772978,"C","T","upstream","ENSG00000185591(4):upstream(4)","intergenic_region|upstream_gene_variant","ENSG00000170374-ENSG00000185591|ENSG00000185591","SP7-SP1(1):intergenic_region(1)|SP1(4):upstream_gene_variant(4)","upstream_gene_variant","SP1(4):upstream_gene_variant(4)","rs943564826"
12,53772800,53774799,7.034625445,"12",53773108,"C","T","upstream","ENSG00000185591(4):upstream(4)","intergenic_region|upstream_gene_variant","ENSG00000170374-ENSG00000185591|ENSG00000185591","SP7-SP1(1):intergenic_region(1)|SP1(4):upstream_gene_variant(4)","upstream_gene_variant","SP1(4):upstream_gene_variant(4)","rs374377080"
12,53772800,53774799,7.034625445,"12",53773749,"G","C","upstream","ENSG00000185591(4):upstream(4)","intergenic_region|upstream_gene_variant","ENSG00000170374-ENSG00000185591|ENSG00000185591","SP7-SP1(1):intergenic_region(1)|SP1(4):upstream_gene_variant(4)","upstream_gene_variant","SP1(4):upstream_gene_variant(4)","rs117858825"
12,53772800,53774799,7.034625445,"12",53774211,"C","T","intronic|upstream","ENSG00000185591(4):upstream(2)intronic(2)","intron_variant|upstream_gene_variant","ENSG00000185591","SP1(4):upstream_gene_variant(2)intron_variant(2)","intron_variant|upstream_gene_variant","SP1(4):upstream_gene_variant(2)intron_variant(2)","rs530291668"
12,53772800,53774799,7.034625445,"12",53774625,"G","T","intronic|upstream","ENSG00000185591(4):upstream(1)intronic(3)","intron_variant|upstream_gene_variant","ENSG00000185591","SP1(4):upstream_gene_variant(1)intron_variant(3)","intron_variant|upstream_gene_variant","SP1(4):upstream_gene_variant(1)intron_variant(3)","rs553638415"
12,53772800,53774799,7.034625445,"12",53772837,"T","C","upstream","ENSG00000185591(4):upstream(4)","intergenic_region|upstream_gene_variant","ENSG00000170374-ENSG00000185591|ENSG00000185591","SP7-SP1(1):intergenic_region(1)|SP1(4):upstream_gene_variant(4)","upstream_gene_variant","SP1(4):upstream_gene_variant(4)","rs184534663"
12,53772800,53774799,7.034625445,"12",53772859,"A","G","upstream","ENSG00000185591(4):upstream(4)","intergenic_region|upstream_gene_variant","ENSG00000170374-ENSG00000185591|ENSG00000185591","SP7-SP1(1):intergenic_region(1)|SP1(4):upstream_gene_variant(4)","upstream_gene_variant","SP1(4):upstream_gene_variant(4)","rs565461400"
12,53772800,53774799,7.034625445,"12",53772952,"C","A","upstream","ENSG00000185591(4):upstream(4)","intergenic_region|upstream_gene_variant","ENSG00000170374-ENSG00000185591|ENSG00000185591","SP7-SP1(1):intergenic_region(1)|SP1(4):upstream_gene_variant(4)","upstream_gene_variant","SP1(4):upstream_gene_variant(4)","rs7131943"
12,53772800,53774799,7.034625445,"12",53773299,"A","G","upstream","ENSG00000185591(4):upstream(4)","intergenic_region|upstream_gene_variant","ENSG00000170374-ENSG00000185591|ENSG00000185591","SP7-SP1(1):intergenic_region(1)|SP1(4):upstream_gene_variant(4)","upstream_gene_variant","SP1(4):upstream_gene_variant(4)","rs76847920"
12,53772800,53774799,7.034625445,"12",53773588,"G","C","upstream","ENSG00000185591(4):upstream(4)","intergenic_region|upstream_gene_variant","ENSG00000170374-ENSG00000185591|ENSG00000185591","SP7-SP1(1):intergenic_region(1)|SP1(4):upstream_gene_variant(4)","upstream_gene_variant","SP1(4):upstream_gene_variant(4)","rs545638322"
12,53772800,53774799,7.034625445,"12",53773827,"G","A","upstream","ENSG00000185591(4):upstream(4)","intergenic_region|upstream_gene_variant","ENSG00000170374-ENSG00000185591|ENSG00000185591","SP7-SP1(1):intergenic_region(1)|SP1(4):upstream_gene_variant(4)","upstream_gene_variant","SP1(4):upstream_gene_variant(4)","rs141003910"
12,53772800,53774799,7.034625445,"12",53774708,"T","C","intronic|upstream","ENSG00000185591(4):upstream(1)intronic(3)","intron_variant|upstream_gene_variant","ENSG00000185591","SP1(4):upstream_gene_variant(1)intron_variant(3)","intron_variant|upstream_gene_variant","SP1(4):upstream_gene_variant(1)intron_variant(3)","rs78207123"
12,53772800,53774799,7.034625445,"12",53774776,"C","T","intronic|upstream","ENSG00000185591(4):upstream(1)intronic(3)","intron_variant|upstream_gene_variant","ENSG00000185591","SP1(4):upstream_gene_variant(1)intron_variant(3)","intron_variant|upstream_gene_variant","SP1(4):upstream_gene_variant(1)intron_variant(3)","rs113057932"
1,110880400,110882599,7.00649134,"1",110881040,"C","G","ncRNA_intronic|upstream","ENSG00000227963(1):ncRNA_intronic(1)|ENSG00000162775(3):upstream(3)","upstream_gene_variant|intron_variant","ENSG00000162775|ENSG00000227963","RP5-1074L1.1(1):intron_variant(1)|RBM15(3):upstream_gene_variant(3)","upstream_gene_variant|intron_variant,non_coding_transcript_variant","RP5-1074L1.1(1):intron_variant,non_coding_transcript_variant(1)|RBM15(3):upstream_gene_variant(3)","rs557378857"
1,110880400,110882599,7.00649134,"1",110881603,"G","T","ncRNA_intronic|UTR5|upstream","ENSG00000227963(1):ncRNA_intronic(1)|ENSG00000162775(3):upstream(2)UTR5(1)","5_prime_UTR_variant|intron_variant|upstream_gene_variant","ENSG00000162775|ENSG00000227963","RP5-1074L1.1(1):intron_variant(1)|RBM15(3):upstream_gene_variant(2)5_prime_UTR_variant(1)","5_prime_UTR_variant|intron_variant,non_coding_transcript_variant|upstream_gene_variant","RP5-1074L1.1(1):intron_variant,non_coding_transcript_variant(1)|RBM15(3):upstream_gene_variant(2)5_prime_UTR_variant(1)","rs749935119"
1,110880400,110882599,7.00649134,"1",110881816,"G","A","UTR5|upstream","ENSG00000227963(1):upstream(1)|ENSG00000162775(3):upstream(2)UTR5(1)","5_prime_UTR_variant|upstream_gene_variant","ENSG00000162775|ENSG00000227963","RP5-1074L1.1(1):upstream_gene_variant(1)|RBM15(3):upstream_gene_variant(2)5_prime_UTR_variant(1)","5_prime_UTR_variant|upstream_gene_variant","RP5-1074L1.1(1):upstream_gene_variant(1)|RBM15(3):upstream_gene_variant(2)5_prime_UTR_variant(1)","rs976314533"
1,110880400,110882599,7.00649134,"1",110881826,"C","G","UTR5|upstream","ENSG00000227963(1):upstream(1)|ENSG00000162775(3):upstream(2)UTR5(1)","5_prime_UTR_variant|upstream_gene_variant","ENSG00000162775|ENSG00000227963","RP5-1074L1.1(1):upstream_gene_variant(1)|RBM15(3):upstream_gene_variant(2)5_prime_UTR_variant(1)","5_prime_UTR_variant|upstream_gene_variant","RP5-1074L1.1(1):upstream_gene_variant(1)|RBM15(3):upstream_gene_variant(2)5_prime_UTR_variant(1)","rs114600867"
1,110880400,110882599,7.00649134,"1",110881888,"G","A","UTR5|upstream","ENSG00000227963(1):upstream(1)|ENSG00000162775(3):upstream(2)UTR5(1)","5_prime_UTR_variant|upstream_gene_variant","ENSG00000162775|ENSG00000227963","RP5-1074L1.1(1):upstream_gene_variant(1)|RBM15(3):upstream_gene_variant(2)5_prime_UTR_variant(1)","5_prime_UTR_variant|upstream_gene_variant","RP5-1074L1.1(1):upstream_gene_variant(1)|RBM15(3):upstream_gene_variant(2)5_prime_UTR_variant(1)",NA
1,110880400,110882599,7.00649134,"1",110882103,"A","G","nonsynonymous","ENSG00000162775(3):nonsynonymous(3)","missense_variant|upstream_gene_variant","ENSG00000162775|ENSG00000227963","RP5-1074L1.1(1):upstream_gene_variant(1)|RBM15(3):missense_variant(3)","missense_variant|upstream_gene_variant","RP5-1074L1.1(1):upstream_gene_variant(1)|RBM15(3):missense_variant(3)","rs148173521"
1,110880400,110882599,7.00649134,"1",110882499,"T","G","nonsynonymous","ENSG00000162775(3):nonsynonymous(3)","missense_variant|upstream_gene_variant","ENSG00000162775|ENSG00000227963","RP5-1074L1.1(1):upstream_gene_variant(1)|RBM15(3):missense_variant(3)","missense_variant|upstream_gene_variant","RP5-1074L1.1(1):upstream_gene_variant(1)|RBM15(3):missense_variant(3)","rs200933258"
1,110880400,110882599,7.00649134,"1",110880575,"T","C","ncRNA_intronic|upstream","ENSG00000227963(1):ncRNA_intronic(1)|ENSG00000162775(3):upstream(3)","upstream_gene_variant|intron_variant","ENSG00000162775|ENSG00000227963","RP5-1074L1.1(1):intron_variant(1)|RBM15(3):upstream_gene_variant(3)","upstream_gene_variant|intron_variant,non_coding_transcript_variant","RP5-1074L1.1(1):intron_variant,non_coding_transcript_variant(1)|RBM15(3):upstream_gene_variant(3)","rs546602120"
1,110880400,110882599,7.00649134,"1",110880586,"C","T","ncRNA_intronic|upstream","ENSG00000227963(1):ncRNA_intronic(1)|ENSG00000162775(3):upstream(3)","upstream_gene_variant|intron_variant","ENSG00000162775|ENSG00000227963","RP5-1074L1.1(1):intron_variant(1)|RBM15(3):upstream_gene_variant(3)","upstream_gene_variant|intron_variant,non_coding_transcript_variant","RP5-1074L1.1(1):intron_variant,non_coding_transcript_variant(1)|RBM15(3):upstream_gene_variant(3)","rs12022711"
1,110880400,110882599,7.00649134,"1",110880658,"A","G","ncRNA_intronic|upstream","ENSG00000227963(1):ncRNA_intronic(1)|ENSG00000162775(3):upstream(3)","upstream_gene_variant|intron_variant","ENSG00000162775|ENSG00000227963","RP5-1074L1.1(1):intron_variant(1)|RBM15(3):upstream_gene_variant(3)","upstream_gene_variant|intron_variant,non_coding_transcript_variant","RP5-1074L1.1(1):intron_variant,non_coding_transcript_variant(1)|RBM15(3):upstream_gene_variant(3)","rs72972990"
1,110880400,110882599,7.00649134,"1",110880821,"A","G","ncRNA_intronic|upstream","ENSG00000227963(1):ncRNA_intronic(1)|ENSG00000162775(3):upstream(3)","upstream_gene_variant|intron_variant","ENSG00000162775|ENSG00000227963","RP5-1074L1.1(1):intron_variant(1)|RBM15(3):upstream_gene_variant(3)","upstream_gene_variant|intron_variant,non_coding_transcript_variant","RP5-1074L1.1(1):intron_variant,non_coding_transcript_variant(1)|RBM15(3):upstream_gene_variant(3)","rs181506871"
1,110880400,110882599,7.00649134,"1",110880872,"C","G","ncRNA_intronic|upstream","ENSG00000227963(1):ncRNA_intronic(1)|ENSG00000162775(3):upstream(3)","upstream_gene_variant|intron_variant","ENSG00000162775|ENSG00000227963","RP5-1074L1.1(1):intron_variant(1)|RBM15(3):upstream_gene_variant(3)","upstream_gene_variant|intron_variant,non_coding_transcript_variant","RP5-1074L1.1(1):intron_variant,non_coding_transcript_variant(1)|RBM15(3):upstream_gene_variant(3)","rs777109132"
1,110880400,110882599,7.00649134,"1",110880945,"G","C","ncRNA_intronic|upstream","ENSG00000227963(1):ncRNA_intronic(1)|ENSG00000162775(3):upstream(3)","upstream_gene_variant|intron_variant","ENSG00000162775|ENSG00000227963","RP5-1074L1.1(1):intron_variant(1)|RBM15(3):upstream_gene_variant(3)","upstream_gene_variant|intron_variant,non_coding_transcript_variant","RP5-1074L1.1(1):intron_variant,non_coding_transcript_variant(1)|RBM15(3):upstream_gene_variant(3)","rs15651"
1,110880400,110882599,7.00649134,"1",110881802,"C","A","UTR5|upstream","ENSG00000227963(1):upstream(1)|ENSG00000162775(3):upstream(2)UTR5(1)","5_prime_UTR_variant|upstream_gene_variant","ENSG00000162775|ENSG00000227963","RP5-1074L1.1(1):upstream_gene_variant(1)|RBM15(3):upstream_gene_variant(2)5_prime_UTR_variant(1)","5_prime_UTR_variant|upstream_gene_variant","RP5-1074L1.1(1):upstream_gene_variant(1)|RBM15(3):upstream_gene_variant(2)5_prime_UTR_variant(1)","rs933603556"
1,110880400,110882599,7.00649134,"1",110881804,"T","G","UTR5|upstream","ENSG00000227963(1):upstream(1)|ENSG00000162775(3):upstream(2)UTR5(1)","5_prime_UTR_variant|upstream_gene_variant","ENSG00000162775|ENSG00000227963","RP5-1074L1.1(1):upstream_gene_variant(1)|RBM15(3):upstream_gene_variant(2)5_prime_UTR_variant(1)","5_prime_UTR_variant|upstream_gene_variant","RP5-1074L1.1(1):upstream_gene_variant(1)|RBM15(3):upstream_gene_variant(2)5_prime_UTR_variant(1)","rs72972991"
1,110880400,110882599,7.00649134,"1",110881859,"G","T","UTR5|upstream","ENSG00000227963(1):upstream(1)|ENSG00000162775(3):upstream(2)UTR5(1)","5_prime_UTR_variant|upstream_gene_variant","ENSG00000162775|ENSG00000227963","RP5-1074L1.1(1):upstream_gene_variant(1)|RBM15(3):upstream_gene_variant(2)5_prime_UTR_variant(1)","5_prime_UTR_variant|upstream_gene_variant","RP5-1074L1.1(1):upstream_gene_variant(1)|RBM15(3):upstream_gene_variant(2)5_prime_UTR_variant(1)","rs138358969"
1,110880400,110882599,7.00649134,"1",110882221,"C","G","nonsynonymous","ENSG00000162775(3):nonsynonymous(3)","missense_variant|upstream_gene_variant","ENSG00000162775|ENSG00000227963","RP5-1074L1.1(1):upstream_gene_variant(1)|RBM15(3):missense_variant(3)","missense_variant|upstream_gene_variant","RP5-1074L1.1(1):upstream_gene_variant(1)|RBM15(3):missense_variant(3)","rs200684981"
1,110880400,110882599,7.00649134,"1",110880765,"T","G","ncRNA_intronic|upstream","ENSG00000227963(1):ncRNA_intronic(1)|ENSG00000162775(3):upstream(3)","upstream_gene_variant|intron_variant","ENSG00000162775|ENSG00000227963","RP5-1074L1.1(1):intron_variant(1)|RBM15(3):upstream_gene_variant(3)","upstream_gene_variant|intron_variant,non_coding_transcript_variant","RP5-1074L1.1(1):intron_variant,non_coding_transcript_variant(1)|RBM15(3):upstream_gene_variant(3)","rs571175004"
1,110880400,110882599,7.00649134,"1",110881309,"C","G","ncRNA_intronic|UTR5|upstream","ENSG00000227963(1):ncRNA_intronic(1)|ENSG00000162775(3):upstream(2)UTR5(1)","5_prime_UTR_variant|intron_variant|upstream_gene_variant","ENSG00000162775|ENSG00000227963","RP5-1074L1.1(1):intron_variant(1)|RBM15(3):upstream_gene_variant(2)5_prime_UTR_variant(1)","5_prime_UTR_variant|intron_variant,non_coding_transcript_variant|upstream_gene_variant","RP5-1074L1.1(1):intron_variant,non_coding_transcript_variant(1)|RBM15(3):upstream_gene_variant(2)5_prime_UTR_variant(1)","rs538981861"
1,110880400,110882599,7.00649134,"1",110881803,"C","A","UTR5|upstream","ENSG00000227963(1):upstream(1)|ENSG00000162775(3):upstream(2)UTR5(1)","5_prime_UTR_variant|upstream_gene_variant","ENSG00000162775|ENSG00000227963","RP5-1074L1.1(1):upstream_gene_variant(1)|RBM15(3):upstream_gene_variant(2)5_prime_UTR_variant(1)","5_prime_UTR_variant|upstream_gene_variant","RP5-1074L1.1(1):upstream_gene_variant(1)|RBM15(3):upstream_gene_variant(2)5_prime_UTR_variant(1)","rs186313070"
1,110880400,110882599,7.00649134,"1",110881845,"A","G","UTR5|upstream","ENSG00000227963(1):upstream(1)|ENSG00000162775(3):upstream(2)UTR5(1)","5_prime_UTR_variant|upstream_gene_variant","ENSG00000162775|ENSG00000227963","RP5-1074L1.1(1):upstream_gene_variant(1)|RBM15(3):upstream_gene_variant(2)5_prime_UTR_variant(1)","5_prime_UTR_variant|upstream_gene_variant","RP5-1074L1.1(1):upstream_gene_variant(1)|RBM15(3):upstream_gene_variant(2)5_prime_UTR_variant(1)","rs1201942948"
1,110880400,110882599,7.00649134,"1",110880613,"C","T","ncRNA_intronic|upstream","ENSG00000227963(1):ncRNA_intronic(1)|ENSG00000162775(3):upstream(3)","upstream_gene_variant|intron_variant","ENSG00000162775|ENSG00000227963","RP5-1074L1.1(1):intron_variant(1)|RBM15(3):upstream_gene_variant(3)","upstream_gene_variant|intron_variant,non_coding_transcript_variant","RP5-1074L1.1(1):intron_variant,non_coding_transcript_variant(1)|RBM15(3):upstream_gene_variant(3)","rs755743746"
1,110880400,110882599,7.00649134,"1",110880749,"T","C","ncRNA_intronic|upstream","ENSG00000227963(1):ncRNA_intronic(1)|ENSG00000162775(3):upstream(3)","upstream_gene_variant|intron_variant","ENSG00000162775|ENSG00000227963","RP5-1074L1.1(1):intron_variant(1)|RBM15(3):upstream_gene_variant(3)","upstream_gene_variant|intron_variant,non_coding_transcript_variant","RP5-1074L1.1(1):intron_variant,non_coding_transcript_variant(1)|RBM15(3):upstream_gene_variant(3)","rs79871648"
1,110880400,110882599,7.00649134,"1",110881432,"G","C","ncRNA_intronic|UTR5|upstream","ENSG00000227963(1):ncRNA_intronic(1)|ENSG00000162775(3):upstream(2)UTR5(1)","5_prime_UTR_variant|intron_variant|upstream_gene_variant","ENSG00000162775|ENSG00000227963","RP5-1074L1.1(1):intron_variant(1)|RBM15(3):upstream_gene_variant(2)5_prime_UTR_variant(1)","5_prime_UTR_variant|intron_variant,non_coding_transcript_variant|upstream_gene_variant","RP5-1074L1.1(1):intron_variant,non_coding_transcript_variant(1)|RBM15(3):upstream_gene_variant(2)5_prime_UTR_variant(1)","rs2030013"
1,110880400,110882599,7.00649134,"1",110882052,"G","A","nonsynonymous","ENSG00000162775(3):nonsynonymous(3)","missense_variant|upstream_gene_variant","ENSG00000162775|ENSG00000227963","RP5-1074L1.1(1):upstream_gene_variant(1)|RBM15(3):missense_variant(3)","missense_variant|upstream_gene_variant","RP5-1074L1.1(1):upstream_gene_variant(1)|RBM15(3):missense_variant(3)","rs200491558"
1,110880400,110882599,7.00649134,"1",110882536,"A","G","nonsynonymous","ENSG00000162775(3):nonsynonymous(3)","missense_variant|upstream_gene_variant","ENSG00000162775|ENSG00000227963","RP5-1074L1.1(1):upstream_gene_variant(1)|RBM15(3):missense_variant(3)","missense_variant|upstream_gene_variant","RP5-1074L1.1(1):upstream_gene_variant(1)|RBM15(3):missense_variant(3)","rs139502540"
1,110880400,110882599,7.00649134,"1",110880501,"C","A","ncRNA_intronic|upstream","ENSG00000227963(1):ncRNA_intronic(1)|ENSG00000162775(3):upstream(3)","upstream_gene_variant|intron_variant","ENSG00000162775|ENSG00000227963","RP5-1074L1.1(1):intron_variant(1)|RBM15(3):upstream_gene_variant(3)","upstream_gene_variant|intron_variant,non_coding_transcript_variant","RP5-1074L1.1(1):intron_variant,non_coding_transcript_variant(1)|RBM15(3):upstream_gene_variant(3)","rs72972986"
1,110880400,110882599,7.00649134,"1",110880940,"G","C","ncRNA_intronic|upstream","ENSG00000227963(1):ncRNA_intronic(1)|ENSG00000162775(3):upstream(3)","upstream_gene_variant|intron_variant","ENSG00000162775|ENSG00000227963","RP5-1074L1.1(1):intron_variant(1)|RBM15(3):upstream_gene_variant(3)","upstream_gene_variant|intron_variant,non_coding_transcript_variant","RP5-1074L1.1(1):intron_variant,non_coding_transcript_variant(1)|RBM15(3):upstream_gene_variant(3)","rs773294978"
1,110880400,110882599,7.00649134,"1",110881424,"G","A","ncRNA_intronic|UTR5|upstream","ENSG00000227963(1):ncRNA_intronic(1)|ENSG00000162775(3):upstream(2)UTR5(1)","5_prime_UTR_variant|intron_variant|upstream_gene_variant","ENSG00000162775|ENSG00000227963","RP5-1074L1.1(1):intron_variant(1)|RBM15(3):upstream_gene_variant(2)5_prime_UTR_variant(1)","5_prime_UTR_variant|intron_variant,non_coding_transcript_variant|upstream_gene_variant","RP5-1074L1.1(1):intron_variant,non_coding_transcript_variant(1)|RBM15(3):upstream_gene_variant(2)5_prime_UTR_variant(1)","rs116114264"
1,110880400,110882599,7.00649134,"1",110881861,"G","T","UTR5|upstream","ENSG00000227963(1):upstream(1)|ENSG00000162775(3):upstream(2)UTR5(1)","5_prime_UTR_variant|upstream_gene_variant","ENSG00000162775|ENSG00000227963","RP5-1074L1.1(1):upstream_gene_variant(1)|RBM15(3):upstream_gene_variant(2)5_prime_UTR_variant(1)","5_prime_UTR_variant|upstream_gene_variant","RP5-1074L1.1(1):upstream_gene_variant(1)|RBM15(3):upstream_gene_variant(2)5_prime_UTR_variant(1)","rs3806456"
1,110880400,110882599,7.00649134,"1",110881923,"A","C","UTR5|upstream","ENSG00000227963(1):upstream(1)|ENSG00000162775(3):upstream(2)UTR5(1)","5_prime_UTR_variant|upstream_gene_variant","ENSG00000162775|ENSG00000227963","RP5-1074L1.1(1):upstream_gene_variant(1)|RBM15(3):upstream_gene_variant(2)5_prime_UTR_variant(1)","5_prime_UTR_variant|upstream_gene_variant","RP5-1074L1.1(1):upstream_gene_variant(1)|RBM15(3):upstream_gene_variant(2)5_prime_UTR_variant(1)","rs773235322"
1,110880400,110882599,7.00649134,"1",110882077,"G","A","nonsynonymous","ENSG00000162775(3):nonsynonymous(3)","missense_variant|upstream_gene_variant","ENSG00000162775|ENSG00000227963","RP5-1074L1.1(1):upstream_gene_variant(1)|RBM15(3):missense_variant(3)","missense_variant|upstream_gene_variant","RP5-1074L1.1(1):upstream_gene_variant(1)|RBM15(3):missense_variant(3)",NA
1,110880400,110882599,7.00649134,"1",110882444,"A","G","synonymous","ENSG00000162775(3):synonymous(3)","synonymous_variant|upstream_gene_variant","ENSG00000162775|ENSG00000227963","RP5-1074L1.1(1):upstream_gene_variant(1)|RBM15(3):synonymous_variant(3)","synonymous_variant|upstream_gene_variant","RP5-1074L1.1(1):upstream_gene_variant(1)|RBM15(3):synonymous_variant(3)","rs814771"
1,110880400,110882599,7.00649134,"1",110882513,"C","T","synonymous","ENSG00000162775(3):synonymous(3)","synonymous_variant|upstream_gene_variant","ENSG00000162775|ENSG00000227963","RP5-1074L1.1(1):upstream_gene_variant(1)|RBM15(3):synonymous_variant(3)","synonymous_variant|upstream_gene_variant","RP5-1074L1.1(1):upstream_gene_variant(1)|RBM15(3):synonymous_variant(3)","rs60454212"
19,39339600,39341799,6.957280796,"19",39339857,"G","A","intronic|upstream","ENSG00000104824(6):intronic(6)|ENSG00000269688(1):upstream(1)","intron_variant|upstream_gene_variant","ENSG00000104824|ENSG00000269688","HNRNPL(75):upstream_gene_variant(1)intron_variant(8)|AC008982.2(1):upstream_gene_variant(1)","intron_variant|intron_variant,NMD_transcript_variant|intron_variant,non_coding_transcript_variant|upstream_gene_variant","HNRNPL(14):intron_variant,non_coding_transcript_variant(2)upstream_gene_variant(1)intron_variant(5)intron_variant,NMD_transcript_variant(1)|AC008982.2(1):upstream_gene_variant(1)","rs542154930"
19,39339600,39341799,6.957280796,"19",39339957,"C","T","exonic","ENSG00000104824(6):exonic(1)","intron_variant|synonymous_variant|upstream_gene_variant","ENSG00000104824|ENSG00000269688","HNRNPL(75):upstream_gene_variant(1)synonymous_variant(1)intron_variant(7)|AC008982.2(1):upstream_gene_variant(1)","intron_variant|intron_variant,NMD_transcript_variant|intron_variant,non_coding_transcript_variant|synonymous_variant|upstream_gene_variant","HNRNPL(14):intron_variant,non_coding_transcript_variant(2)upstream_gene_variant(1)synonymous_variant(1)intron_variant(4)intron_variant,NMD_transcript_variant(1)|AC008982.2(1):upstream_gene_variant(1)","rs767917537"
19,39339600,39341799,6.957280796,"19",39340145,"A","G","intronic|upstream","ENSG00000104824(6):upstream(1)intronic(5)|ENSG00000269688(1):upstream(1)","intron_variant|upstream_gene_variant","ENSG00000104824|ENSG00000269688","HNRNPL(75):upstream_gene_variant(2)intron_variant(7)|AC008982.2(1):upstream_gene_variant(1)","intron_variant|intron_variant,NMD_transcript_variant|intron_variant,non_coding_transcript_variant|upstream_gene_variant","HNRNPL(14):intron_variant,non_coding_transcript_variant(2)upstream_gene_variant(2)intron_variant(4)intron_variant,NMD_transcript_variant(1)|AC008982.2(1):upstream_gene_variant(1)","rs60286661"
19,39339600,39341799,6.957280796,"19",39340294,"G","A","intronic|upstream","ENSG00000104824(6):upstream(1)intronic(5)|ENSG00000269688(1):upstream(1)","intron_variant|upstream_gene_variant","ENSG00000104824|ENSG00000269688","HNRNPL(75):upstream_gene_variant(2)intron_variant(7)|AC008982.2(1):upstream_gene_variant(1)","intron_variant|intron_variant,NMD_transcript_variant|intron_variant,non_coding_transcript_variant|upstream_gene_variant","HNRNPL(14):intron_variant,non_coding_transcript_variant(2)upstream_gene_variant(2)intron_variant(4)intron_variant,NMD_transcript_variant(1)|AC008982.2(1):upstream_gene_variant(1)","rs574127246"
19,39339600,39341799,6.957280796,"19",39340525,"G","T","synonymous|exonic","ENSG00000104824(6):exonic(2)synonymous(1)","synonymous_variant|intron_variant|upstream_gene_variant","ENSG00000104824|ENSG00000269688","HNRNPL(75):upstream_gene_variant(2)synonymous_variant(2)intron_variant(5)|AC008982.2(1):upstream_gene_variant(1)","synonymous_variant|intron_variant,NMD_transcript_variant|intron_variant,non_coding_transcript_variant|upstream_gene_variant|intron_variant","HNRNPL(14):intron_variant,non_coding_transcript_variant(2)upstream_gene_variant(2)synonymous_variant(2)intron_variant,NMD_transcript_variant(1)intron_variant(2)|AC008982.2(1):upstream_gene_variant(1)","rs371221066"
19,39339600,39341799,6.957280796,"19",39340940,"A","T","intronic|UTR5|upstream","ENSG00000104824(6):upstream(2)UTR5(1)intronic(3)|ENSG00000269688(1):upstream(1)","5_prime_UTR_variant|intron_variant|upstream_gene_variant","ENSG00000104824|ENSG00000269688","HNRNPL(75):upstream_gene_variant(3)5_prime_UTR_variant(1)intron_variant(5)|AC008982.2(1):upstream_gene_variant(1)","5_prime_UTR_variant|intron_variant,NMD_transcript_variant|intron_variant,non_coding_transcript_variant|upstream_gene_variant|intron_variant","HNRNPL(14):intron_variant,non_coding_transcript_variant(2)upstream_gene_variant(3)5_prime_UTR_variant(1)intron_variant,NMD_transcript_variant(1)intron_variant(2)|AC008982.2(1):upstream_gene_variant(1)",NA
19,39339600,39341799,6.957280796,"19",39341137,"C","T","intronic|upstream","ENSG00000104824(6):upstream(3)intronic(3)|ENSG00000269688(1):upstream(1)","upstream_gene_variant|intron_variant","ENSG00000104824|ENSG00000269688","HNRNPL(75):upstream_gene_variant(4)intron_variant(5)|AC008982.2(1):upstream_gene_variant(1)","upstream_gene_variant|intron_variant,NMD_transcript_variant|intron_variant,non_coding_transcript_variant|intron_variant","HNRNPL(14):intron_variant,non_coding_transcript_variant(2)upstream_gene_variant(4)intron_variant,NMD_transcript_variant(1)intron_variant(2)|AC008982.2(1):upstream_gene_variant(1)","rs540802061"
19,39339600,39341799,6.957280796,"19",39341182,"G","T","intronic|upstream","ENSG00000104824(6):upstream(3)intronic(3)","upstream_gene_variant|intron_variant","ENSG00000104824","HNRNPL(75):upstream_gene_variant(4)intron_variant(5)","upstream_gene_variant|intron_variant,NMD_transcript_variant|intron_variant,non_coding_transcript_variant|intron_variant","HNRNPL(14):intron_variant,non_coding_transcript_variant(2)upstream_gene_variant(4)intron_variant,NMD_transcript_variant(1)intron_variant(2)","rs862458"
19,39339600,39341799,6.957280796,"19",39341197,"G","T","intronic|upstream","ENSG00000104824(6):upstream(3)intronic(3)","upstream_gene_variant|intron_variant","ENSG00000104824","HNRNPL(75):upstream_gene_variant(4)intron_variant(5)","upstream_gene_variant|intron_variant,NMD_transcript_variant|intron_variant,non_coding_transcript_variant|intron_variant","HNRNPL(14):intron_variant,non_coding_transcript_variant(2)upstream_gene_variant(4)intron_variant,NMD_transcript_variant(1)intron_variant(2)","rs779877302"
19,39339600,39341799,6.957280796,"19",39341211,"G","T","intronic|upstream","ENSG00000104824(6):upstream(3)intronic(3)","upstream_gene_variant|intron_variant","ENSG00000104824","HNRNPL(75):upstream_gene_variant(4)intron_variant(5)","upstream_gene_variant|intron_variant,NMD_transcript_variant|intron_variant,non_coding_transcript_variant|intron_variant","HNRNPL(14):intron_variant,non_coding_transcript_variant(2)upstream_gene_variant(4)intron_variant,NMD_transcript_variant(1)intron_variant(2)","rs561208384"
19,39339600,39341799,6.957280796,"19",39339918,"C","G","intronic|upstream","ENSG00000104824(6):intronic(6)|ENSG00000269688(1):upstream(1)","intron_variant|upstream_gene_variant","ENSG00000104824|ENSG00000269688","HNRNPL(75):upstream_gene_variant(1)intron_variant(8)|AC008982.2(1):upstream_gene_variant(1)","intron_variant|intron_variant,NMD_transcript_variant|intron_variant,non_coding_transcript_variant|upstream_gene_variant","HNRNPL(14):intron_variant,non_coding_transcript_variant(2)upstream_gene_variant(1)intron_variant(5)intron_variant,NMD_transcript_variant(1)|AC008982.2(1):upstream_gene_variant(1)","rs575774133"
19,39339600,39341799,6.957280796,"19",39340892,"G","A","intronic|UTR5|upstream","ENSG00000104824(6):upstream(2)UTR5(1)intronic(3)|ENSG00000269688(1):upstream(1)","5_prime_UTR_variant|intron_variant|upstream_gene_variant","ENSG00000104824|ENSG00000269688","HNRNPL(75):upstream_gene_variant(3)5_prime_UTR_variant(1)intron_variant(5)|AC008982.2(1):upstream_gene_variant(1)","5_prime_UTR_variant|intron_variant,NMD_transcript_variant|intron_variant,non_coding_transcript_variant|upstream_gene_variant|intron_variant","HNRNPL(14):intron_variant,non_coding_transcript_variant(2)upstream_gene_variant(3)5_prime_UTR_variant(1)intron_variant,NMD_transcript_variant(1)intron_variant(2)|AC008982.2(1):upstream_gene_variant(1)","rs141478756"
19,39339600,39341799,6.957280796,"19",39340971,"T","A","intronic|UTR5|upstream","ENSG00000104824(6):upstream(2)UTR5(1)intronic(3)|ENSG00000269688(1):upstream(1)","5_prime_UTR_variant|intron_variant|upstream_gene_variant","ENSG00000104824|ENSG00000269688","HNRNPL(75):upstream_gene_variant(3)5_prime_UTR_variant(1)intron_variant(5)|AC008982.2(1):upstream_gene_variant(1)","5_prime_UTR_variant|intron_variant,NMD_transcript_variant|intron_variant,non_coding_transcript_variant|upstream_gene_variant|intron_variant","HNRNPL(14):intron_variant,non_coding_transcript_variant(2)upstream_gene_variant(3)5_prime_UTR_variant(1)intron_variant,NMD_transcript_variant(1)intron_variant(2)|AC008982.2(1):upstream_gene_variant(1)","rs80347831"
19,39339600,39341799,6.957280796,"19",39341162,"G","A","intronic|upstream","ENSG00000104824(6):upstream(3)intronic(3)","upstream_gene_variant|intron_variant","ENSG00000104824","HNRNPL(75):upstream_gene_variant(4)intron_variant(5)","upstream_gene_variant|intron_variant,NMD_transcript_variant|intron_variant,non_coding_transcript_variant|intron_variant","HNRNPL(14):intron_variant,non_coding_transcript_variant(2)upstream_gene_variant(4)intron_variant,NMD_transcript_variant(1)intron_variant(2)","rs117873552"
19,39339600,39341799,6.957280796,"19",39341221,"A","G","intronic|upstream","ENSG00000104824(6):upstream(3)intronic(3)","upstream_gene_variant|intron_variant","ENSG00000104824","HNRNPL(75):upstream_gene_variant(4)intron_variant(5)","upstream_gene_variant|intron_variant,NMD_transcript_variant|intron_variant,non_coding_transcript_variant|intron_variant","HNRNPL(14):intron_variant,non_coding_transcript_variant(2)upstream_gene_variant(4)intron_variant,NMD_transcript_variant(1)intron_variant(2)","rs150378374"
19,39339600,39341799,6.957280796,"19",39340200,"G","A","intronic|upstream","ENSG00000104824(6):upstream(1)intronic(5)|ENSG00000269688(1):upstream(1)","intron_variant|upstream_gene_variant","ENSG00000104824|ENSG00000269688","HNRNPL(75):upstream_gene_variant(2)intron_variant(7)|AC008982.2(1):upstream_gene_variant(1)","intron_variant|intron_variant,NMD_transcript_variant|intron_variant,non_coding_transcript_variant|upstream_gene_variant","HNRNPL(14):intron_variant,non_coding_transcript_variant(2)upstream_gene_variant(2)intron_variant(4)intron_variant,NMD_transcript_variant(1)|AC008982.2(1):upstream_gene_variant(1)","rs552307566"
19,39339600,39341799,6.957280796,"19",39340539,"T","A","nonsynonymous|exonic","ENSG00000104824(6):exonic(2)nonsynonymous(1)","missense_variant|intron_variant|upstream_gene_variant","ENSG00000104824|ENSG00000269688","HNRNPL(75):missense_variant(2)upstream_gene_variant(2)intron_variant(5)|AC008982.2(1):upstream_gene_variant(1)","missense_variant|intron_variant,NMD_transcript_variant|intron_variant,non_coding_transcript_variant|upstream_gene_variant|intron_variant","HNRNPL(14):missense_variant(2)intron_variant,non_coding_transcript_variant(2)upstream_gene_variant(2)intron_variant,NMD_transcript_variant(1)intron_variant(2)|AC008982.2(1):upstream_gene_variant(1)","rs562142379"
19,39339600,39341799,6.957280796,"19",39340561,"G","A","synonymous|exonic","ENSG00000104824(6):exonic(2)synonymous(1)","synonymous_variant|intron_variant|upstream_gene_variant","ENSG00000104824|ENSG00000269688","HNRNPL(75):upstream_gene_variant(2)synonymous_variant(2)intron_variant(5)|AC008982.2(1):upstream_gene_variant(1)","synonymous_variant|intron_variant,NMD_transcript_variant|intron_variant,non_coding_transcript_variant|upstream_gene_variant|intron_variant","HNRNPL(14):intron_variant,non_coding_transcript_variant(2)upstream_gene_variant(2)synonymous_variant(2)intron_variant,NMD_transcript_variant(1)intron_variant(2)|AC008982.2(1):upstream_gene_variant(1)","rs79124306"
19,39339600,39341799,6.957280796,"19",39340895,"C","G","intronic|UTR5|upstream","ENSG00000104824(6):upstream(2)UTR5(1)intronic(3)|ENSG00000269688(1):upstream(1)","5_prime_UTR_variant|intron_variant|upstream_gene_variant","ENSG00000104824|ENSG00000269688","HNRNPL(75):upstream_gene_variant(3)5_prime_UTR_variant(1)intron_variant(5)|AC008982.2(1):upstream_gene_variant(1)","5_prime_UTR_variant|intron_variant,NMD_transcript_variant|intron_variant,non_coding_transcript_variant|upstream_gene_variant|intron_variant","HNRNPL(14):intron_variant,non_coding_transcript_variant(2)upstream_gene_variant(3)5_prime_UTR_variant(1)intron_variant,NMD_transcript_variant(1)intron_variant(2)|AC008982.2(1):upstream_gene_variant(1)","rs556747658"
19,39339600,39341799,6.957280796,"19",39340967,"G","A","intronic|UTR5|upstream","ENSG00000104824(6):upstream(2)UTR5(1)intronic(3)|ENSG00000269688(1):upstream(1)","5_prime_UTR_variant|intron_variant|upstream_gene_variant","ENSG00000104824|ENSG00000269688","HNRNPL(75):upstream_gene_variant(3)5_prime_UTR_variant(1)intron_variant(5)|AC008982.2(1):upstream_gene_variant(1)","5_prime_UTR_variant|intron_variant,NMD_transcript_variant|intron_variant,non_coding_transcript_variant|upstream_gene_variant|intron_variant","HNRNPL(14):intron_variant,non_coding_transcript_variant(2)upstream_gene_variant(3)5_prime_UTR_variant(1)intron_variant,NMD_transcript_variant(1)intron_variant(2)|AC008982.2(1):upstream_gene_variant(1)","rs540167001"
19,39339600,39341799,6.957280796,"19",39341052,"T","C","intronic|upstream","ENSG00000104824(6):upstream(3)intronic(3)|ENSG00000269688(1):upstream(1)","upstream_gene_variant|intron_variant","ENSG00000104824|ENSG00000269688","HNRNPL(75):upstream_gene_variant(4)intron_variant(5)|AC008982.2(1):upstream_gene_variant(1)","upstream_gene_variant|intron_variant,NMD_transcript_variant|intron_variant,non_coding_transcript_variant|intron_variant","HNRNPL(14):intron_variant,non_coding_transcript_variant(2)upstream_gene_variant(4)intron_variant,NMD_transcript_variant(1)intron_variant(2)|AC008982.2(1):upstream_gene_variant(1)","rs757157835"
19,39339600,39341799,6.957280796,"19",39341468,"C","G","intronic|upstream","ENSG00000104824(6):upstream(3)intronic(3)","upstream_gene_variant|intron_variant","ENSG00000104824","HNRNPL(75):upstream_gene_variant(4)intron_variant(5)","upstream_gene_variant|intron_variant,NMD_transcript_variant|intron_variant,non_coding_transcript_variant|intron_variant","HNRNPL(14):intron_variant,non_coding_transcript_variant(2)upstream_gene_variant(4)intron_variant,NMD_transcript_variant(1)intron_variant(2)","rs75208702"
19,39339600,39341799,6.957280796,"19",39341555,"A","G","intronic|upstream","ENSG00000104824(6):upstream(3)intronic(3)","upstream_gene_variant|intron_variant","ENSG00000104824","HNRNPL(75):upstream_gene_variant(4)intron_variant(5)","upstream_gene_variant|intron_variant,NMD_transcript_variant|intron_variant,non_coding_transcript_variant|intron_variant","HNRNPL(14):intron_variant,non_coding_transcript_variant(2)upstream_gene_variant(4)intron_variant,NMD_transcript_variant(1)intron_variant(2)","rs862459"
19,39339600,39341799,6.957280796,"19",39339787,"A","G","intronic|upstream","ENSG00000104824(6):intronic(6)|ENSG00000269688(1):upstream(1)","intron_variant|upstream_gene_variant","ENSG00000104824|ENSG00000269688","HNRNPL(75):upstream_gene_variant(1)intron_variant(8)|AC008982.2(1):upstream_gene_variant(1)","intron_variant|intron_variant,NMD_transcript_variant|intron_variant,non_coding_transcript_variant|upstream_gene_variant","HNRNPL(14):intron_variant,non_coding_transcript_variant(2)upstream_gene_variant(1)intron_variant(5)intron_variant,NMD_transcript_variant(1)|AC008982.2(1):upstream_gene_variant(1)","rs762629898"
19,39339600,39341799,6.957280796,"19",39340235,"C","A","intronic|upstream","ENSG00000104824(6):upstream(1)intronic(5)|ENSG00000269688(1):upstream(1)","intron_variant|upstream_gene_variant","ENSG00000104824|ENSG00000269688","HNRNPL(75):upstream_gene_variant(2)intron_variant(7)|AC008982.2(1):upstream_gene_variant(1)","intron_variant|intron_variant,NMD_transcript_variant|intron_variant,non_coding_transcript_variant|upstream_gene_variant","HNRNPL(14):intron_variant,non_coding_transcript_variant(2)upstream_gene_variant(2)intron_variant(4)intron_variant,NMD_transcript_variant(1)|AC008982.2(1):upstream_gene_variant(1)","rs1050301437"
19,39339600,39341799,6.957280796,"19",39340547,"C","T","synonymous|exonic","ENSG00000104824(6):exonic(2)synonymous(1)","synonymous_variant|intron_variant|upstream_gene_variant","ENSG00000104824|ENSG00000269688","HNRNPL(75):upstream_gene_variant(2)synonymous_variant(2)intron_variant(5)|AC008982.2(1):upstream_gene_variant(1)","synonymous_variant|intron_variant,NMD_transcript_variant|intron_variant,non_coding_transcript_variant|upstream_gene_variant|intron_variant","HNRNPL(14):intron_variant,non_coding_transcript_variant(2)upstream_gene_variant(2)synonymous_variant(2)intron_variant,NMD_transcript_variant(1)intron_variant(2)|AC008982.2(1):upstream_gene_variant(1)","rs770348405"
19,39339600,39341799,6.957280796,"19",39340554,"T","C","nonsynonymous|exonic","ENSG00000104824(6):exonic(2)nonsynonymous(1)","missense_variant|intron_variant|upstream_gene_variant","ENSG00000104824|ENSG00000269688","HNRNPL(75):missense_variant(2)upstream_gene_variant(2)intron_variant(5)|AC008982.2(1):upstream_gene_variant(1)","missense_variant|intron_variant,NMD_transcript_variant|intron_variant,non_coding_transcript_variant|upstream_gene_variant|intron_variant","HNRNPL(14):missense_variant(2)intron_variant,non_coding_transcript_variant(2)upstream_gene_variant(2)intron_variant,NMD_transcript_variant(1)intron_variant(2)|AC008982.2(1):upstream_gene_variant(1)","rs751889035"
19,39339600,39341799,6.957280796,"19",39340564,"G","T","synonymous|exonic","ENSG00000104824(6):exonic(2)synonymous(1)","synonymous_variant|intron_variant|upstream_gene_variant","ENSG00000104824|ENSG00000269688","HNRNPL(75):upstream_gene_variant(2)synonymous_variant(2)intron_variant(5)|AC008982.2(1):upstream_gene_variant(1)","synonymous_variant|intron_variant,NMD_transcript_variant|intron_variant,non_coding_transcript_variant|upstream_gene_variant|intron_variant","HNRNPL(14):intron_variant,non_coding_transcript_variant(2)upstream_gene_variant(2)synonymous_variant(2)intron_variant,NMD_transcript_variant(1)intron_variant(2)|AC008982.2(1):upstream_gene_variant(1)","rs538500027"
19,39339600,39341799,6.957280796,"19",39340826,"T","A","intronic|UTR5|upstream","ENSG00000104824(6):upstream(2)UTR5(1)intronic(3)|ENSG00000269688(1):upstream(1)","5_prime_UTR_variant|intron_variant|upstream_gene_variant","ENSG00000104824|ENSG00000269688","HNRNPL(75):upstream_gene_variant(3)5_prime_UTR_variant(1)intron_variant(5)|AC008982.2(1):upstream_gene_variant(1)","5_prime_UTR_variant|intron_variant,NMD_transcript_variant|intron_variant,non_coding_transcript_variant|upstream_gene_variant|intron_variant","HNRNPL(14):intron_variant,non_coding_transcript_variant(2)upstream_gene_variant(3)5_prime_UTR_variant(1)intron_variant,NMD_transcript_variant(1)intron_variant(2)|AC008982.2(1):upstream_gene_variant(1)","rs754089491"
19,39339600,39341799,6.957280796,"19",39341274,"C","T","intronic|upstream","ENSG00000104824(6):upstream(3)intronic(3)","upstream_gene_variant|intron_variant","ENSG00000104824","HNRNPL(75):upstream_gene_variant(4)intron_variant(5)","upstream_gene_variant|intron_variant,NMD_transcript_variant|intron_variant,non_coding_transcript_variant|intron_variant","HNRNPL(14):intron_variant,non_coding_transcript_variant(2)upstream_gene_variant(4)intron_variant,NMD_transcript_variant(1)intron_variant(2)","rs138073206"
19,39339600,39341799,6.957280796,"19",39341362,"C","T","intronic|upstream","ENSG00000104824(6):upstream(3)intronic(3)","upstream_gene_variant|intron_variant","ENSG00000104824","HNRNPL(75):upstream_gene_variant(4)intron_variant(5)","upstream_gene_variant|intron_variant,NMD_transcript_variant|intron_variant,non_coding_transcript_variant|intron_variant","HNRNPL(14):intron_variant,non_coding_transcript_variant(2)upstream_gene_variant(4)intron_variant,NMD_transcript_variant(1)intron_variant(2)","rs75970479"
19,39339600,39341799,6.957280796,"19",39341572,"T","A","intronic|upstream","ENSG00000104824(6):upstream(3)intronic(3)","upstream_gene_variant|intron_variant","ENSG00000104824","HNRNPL(75):upstream_gene_variant(4)intron_variant(5)","upstream_gene_variant|intron_variant,NMD_transcript_variant|intron_variant,non_coding_transcript_variant|intron_variant","HNRNPL(14):intron_variant,non_coding_transcript_variant(2)upstream_gene_variant(4)intron_variant,NMD_transcript_variant(1)intron_variant(2)","rs192060477"
19,39339600,39341799,6.957280796,"19",39340254,"G","A","intronic|upstream","ENSG00000104824(6):upstream(1)intronic(5)|ENSG00000269688(1):upstream(1)","intron_variant|upstream_gene_variant","ENSG00000104824|ENSG00000269688","HNRNPL(75):upstream_gene_variant(2)intron_variant(7)|AC008982.2(1):upstream_gene_variant(1)","intron_variant|intron_variant,NMD_transcript_variant|intron_variant,non_coding_transcript_variant|upstream_gene_variant","HNRNPL(14):intron_variant,non_coding_transcript_variant(2)upstream_gene_variant(2)intron_variant(4)intron_variant,NMD_transcript_variant(1)|AC008982.2(1):upstream_gene_variant(1)","rs142416421"
19,39339600,39341799,6.957280796,"19",39340692,"A","G","intronic|UTR5|upstream","ENSG00000104824(6):upstream(2)UTR5(1)intronic(3)|ENSG00000269688(1):upstream(1)","5_prime_UTR_variant|intron_variant|upstream_gene_variant","ENSG00000104824|ENSG00000269688","HNRNPL(75):upstream_gene_variant(3)5_prime_UTR_variant(1)intron_variant(5)|AC008982.2(1):upstream_gene_variant(1)","5_prime_UTR_variant|intron_variant,NMD_transcript_variant|intron_variant,non_coding_transcript_variant|upstream_gene_variant|intron_variant","HNRNPL(14):intron_variant,non_coding_transcript_variant(2)upstream_gene_variant(3)5_prime_UTR_variant(1)intron_variant,NMD_transcript_variant(1)intron_variant(2)|AC008982.2(1):upstream_gene_variant(1)",NA
19,39339600,39341799,6.957280796,"19",39341089,"C","T","intronic|upstream","ENSG00000104824(6):upstream(3)intronic(3)|ENSG00000269688(1):upstream(1)","upstream_gene_variant|intron_variant","ENSG00000104824|ENSG00000269688","HNRNPL(75):upstream_gene_variant(4)intron_variant(5)|AC008982.2(1):upstream_gene_variant(1)","upstream_gene_variant|intron_variant,NMD_transcript_variant|intron_variant,non_coding_transcript_variant|intron_variant","HNRNPL(14):intron_variant,non_coding_transcript_variant(2)upstream_gene_variant(4)intron_variant,NMD_transcript_variant(1)intron_variant(2)|AC008982.2(1):upstream_gene_variant(1)",NA
19,39339600,39341799,6.957280796,"19",39341257,"C","T","intronic|upstream","ENSG00000104824(6):upstream(3)intronic(3)","upstream_gene_variant|intron_variant","ENSG00000104824","HNRNPL(75):upstream_gene_variant(4)intron_variant(5)","upstream_gene_variant|intron_variant,NMD_transcript_variant|intron_variant,non_coding_transcript_variant|intron_variant","HNRNPL(14):intron_variant,non_coding_transcript_variant(2)upstream_gene_variant(4)intron_variant,NMD_transcript_variant(1)intron_variant(2)","rs118069878"
19,39339600,39341799,6.957280796,"19",39341368,"C","G","intronic|upstream","ENSG00000104824(6):upstream(3)intronic(3)","upstream_gene_variant|intron_variant","ENSG00000104824","HNRNPL(75):upstream_gene_variant(4)intron_variant(5)","upstream_gene_variant|intron_variant,NMD_transcript_variant|intron_variant,non_coding_transcript_variant|intron_variant","HNRNPL(14):intron_variant,non_coding_transcript_variant(2)upstream_gene_variant(4)intron_variant,NMD_transcript_variant(1)intron_variant(2)","rs149462336"
19,42772000,42773799,6.93341112,"19",42773204,"G","A","intronic|upstream","ENSG00000079432(7):upstream(1)intronic(1)","upstream_gene_variant|intron_variant","ENSG00000079432","CIC(10):upstream_gene_variant(1)intron_variant(1)","upstream_gene_variant|intron_variant","CIC(9):upstream_gene_variant(1)intron_variant(1)","rs770248464"
19,42772000,42773799,6.93341112,"19",42773687,"T","G","intronic","ENSG00000079432(7):intronic(2)","intron_variant","ENSG00000079432","CIC(10):intron_variant(2)","intron_variant","CIC(9):intron_variant(2)","rs115676832"
19,42772000,42773799,6.93341112,"19",42773719,"T","G","intronic","ENSG00000079432(7):intronic(2)","intron_variant","ENSG00000079432","CIC(10):intron_variant(2)","intron_variant","CIC(9):intron_variant(2)","rs921226918"
19,42772000,42773799,6.93341112,"19",42772952,"T","G","intronic|upstream","ENSG00000079432(7):upstream(1)intronic(1)","upstream_gene_variant|intron_variant","ENSG00000079432","CIC(10):upstream_gene_variant(1)intron_variant(1)","upstream_gene_variant|intron_variant","CIC(9):upstream_gene_variant(1)intron_variant(1)","rs191530095"
19,42772000,42773799,6.93341112,"19",42773736,"T","C","intronic","ENSG00000079432(7):intronic(2)","intron_variant","ENSG00000079432","CIC(10):intron_variant(2)","intron_variant","CIC(9):intron_variant(2)","rs547628327"
19,42772000,42773799,6.93341112,"19",42772189,"C","G","upstream","ENSG00000079432(7):upstream(2)","intergenic_region|upstream_gene_variant","ENSG00000105722-ENSG00000079432|ENSG00000079432","ERF-CIC(1):intergenic_region(1)|CIC(10):upstream_gene_variant(2)","upstream_gene_variant","CIC(9):upstream_gene_variant(2)",NA
19,42772000,42773799,6.93341112,"19",42773792,"C","G","intronic","ENSG00000079432(7):intronic(2)","intron_variant","ENSG00000079432","CIC(10):intron_variant(2)","intron_variant","CIC(9):intron_variant(2)","rs114128753"
19,42772000,42773799,6.93341112,"19",42772994,"A","G","intronic|upstream","ENSG00000079432(7):upstream(1)intronic(1)","upstream_gene_variant|intron_variant","ENSG00000079432","CIC(10):upstream_gene_variant(1)intron_variant(1)","upstream_gene_variant|intron_variant","CIC(9):upstream_gene_variant(1)intron_variant(1)","rs1341941856"
19,42772000,42773799,6.93341112,"19",42772217,"G","A","upstream","ENSG00000079432(7):upstream(2)","intergenic_region|upstream_gene_variant","ENSG00000105722-ENSG00000079432|ENSG00000079432","ERF-CIC(1):intergenic_region(1)|CIC(10):upstream_gene_variant(2)","upstream_gene_variant","CIC(9):upstream_gene_variant(2)","rs535023857"
19,42772000,42773799,6.93341112,"19",42772334,"G","A","upstream","ENSG00000079432(7):upstream(2)","intergenic_region|upstream_gene_variant","ENSG00000105722-ENSG00000079432|ENSG00000079432","ERF-CIC(1):intergenic_region(1)|CIC(10):upstream_gene_variant(2)","upstream_gene_variant","CIC(9):upstream_gene_variant(2)","rs559389911"
19,42772000,42773799,6.93341112,"19",42772924,"G","A","intronic|upstream","ENSG00000079432(7):upstream(1)intronic(1)","upstream_gene_variant|intron_variant","ENSG00000079432","CIC(10):upstream_gene_variant(1)intron_variant(1)","upstream_gene_variant|intron_variant","CIC(9):upstream_gene_variant(1)intron_variant(1)","rs139781504"
